MCC,Accuracy,Specificity,Recall,Precision,F1 Score,AUC-ROC
0.9289946799332323,0.9644970414201184,0.989247311827957,0.9342105263157895,0.9861111111111112,0.9594594594594595,0.9944821731748726
