MCC,Accuracy,Specificity,Recall,Precision,F1 Score,AUC-ROC
0.3140721323960884,0.6451612903225806,0.75,0.6086956521739131,0.875,0.717948717948718,0.6929347826086957
