MCC,Accuracy,Specificity,Recall,Precision,F1 Score,AUC-ROC
0.8241256654136551,0.9854175872735307,0.9903225806451613,0.8709677419354839,0.7941176470588235,0.8307692307692308,0.976463009761657
