Feature,Importance
normnO,0.2923888811498752
normnS,0.19867174821693134
normnN,0.19489591205380846
normnH,0.1628668428500224
normnC,0.15117661572936253
